Movie Name,Type,Director,Rating,User like
Responsibility avoid expert,Drama,Erin Morales,6.6,No
Traditional act,Drama,Kelly Carroll,7.1,No
Leave tend pressure rock,Crime,Lauren Hanna,7.5,No
Finish purpose positive campaign,"Drama, Thriller, Animation",Beth Moore,6.2,No
Too near thousand,"Mystery, Crime",Stephanie Parker,6.9,No
Vote exist organization,"Western, Action",Danielle Robinson,9.5,No
See attack,Animation,Yolanda Sanchez,5.8,Yes
Worker,Animation,Victor Howell,6.8,No
First could,"Animation, Music",Mr. Johnny Brady,7.8,No
Wind senior,"Comedy, Action, Adventure",Christopher Kerr,7.1,Yes
Design four state,"Horror, Music",Sandra Jones,7.5,Yes
Remain doctor program,"Music, Western",William Taylor,6.5,No
Buy sea,Animation,Danny Rogers,6.2,No
Expert,"Horror, Adventure",Timothy Carey,9.4,Yes
Spring across put,"Biography, Sci-Fi",Kurt Carter,9.2,No
Reality support forward,"Drama, Thriller, Adventure",Anthony Malone,8.5,Yes
Life cost final,Comedy,Nathan Webb,7.8,Yes
Art space,Romance,Stacie Francis,7.9,Yes
Left,Crime,Brady Sanders,6.6,No
Federal begin Mrs,"Crime, Drama",Sarah Peterson,5.4,No
Help,Music,Mary Key,9,No
Small field for,"Adventure, Music, Comedy",Jessica Young,9,No
Rather,"Mystery, Music, Romance",Gregory Lowe,5.4,No
Item city still determine,Drama,Joel Morrow,5.5,No
Ask,"Romance, Mystery, Animation",Jennifer Tapia,5.4,No
Prevent forget,"Animation, Thriller",Martha Williams,9.4,No
Free rock around,Adventure,Gina Levine,9.4,No
Without recent,"Biography, Sci-Fi, Comedy",Alan Myers,8.7,No
Various weight employee,"Adventure, Comedy",William Johnson,7.9,No
Rate quality other,Adventure,Robert Johnson,7,Yes
Painting federal someone military,"Western, Sci-Fi, Action",Heidi Rogers,7.2,Yes
Majority might,Biography,Karen Hoffman,8.6,No
Author voice capital,"Thriller, Western",Shannon Garner,7.2,Yes
Data set act,"Drama, Animation",Sherry Taylor,9.2,Yes
Garden task forget,"Thriller, Adventure, Music",Andrea James,7,No
Blood federal fear,"Comedy, Adventure",Jesus Adams,5.9,No
Billion sport near,Horror,Christopher Wilson,7,No
Election much,"Sci-Fi, Mystery, Crime",Travis Ruiz,9.3,No
Forget sell,"Action, Music",Mark Castillo,8.7,No
First around friend,"Music, Drama, Crime",Susan Rogers,7.2,Yes
Choose realize,Romance,Melissa Hahn,7.5,No
Understand trial also,"Comedy, Western, Fantasy",Jody Ross,8.7,Yes
Perhaps,"Crime, Action, Drama",Deborah Pacheco,7.1,No
Share stand resource,"Crime, Mystery",Amanda Mooney,5.9,No
Woman or try,"Sci-Fi, Romance",Ryan Martin,6.7,No
Gun environmental treatment,"Thriller, Action",Larry Dawson,5.7,Yes
Just commercial,"Sci-Fi, Mystery",Robert Hodges,8.6,Yes
Station research under,Music,Sandra White,6.4,Yes
What might,"Sci-Fi, Music, Mystery",Noah Patterson,8.7,No
Detail quite bring,"Music, Thriller",Michael Dawson,7.9,Yes
